symbol,ret_tramo_btc,ret_2h,mecha_arriba,mecha_abajo
0GUSDT,-0.15065000209003898,-0.09046502540054713,0.11680343884329814,-0.3712387651426339
1000000BOBUSDT,-0.2866978793720739,-0.12123572170301145,0.1510903426791277,-0.6152647975077882
1000000MOGUSDT,-0.357921207041073,-0.2769761606022584,0.010508155583437873,-0.71267252195734
1000BONKUSDT,-0.5818787392832911,-0.282299143320213,0.011460986339430379,-0.772111599907386
1000CATUSDT,-0.5346606597878215,-0.26470199550680584,0.00713624950442715,-0.6430553720100436
1000CHEEMSUSDT,-0.08166747927840079,-0.0020454678277130878,0.045409385775232236,-0.19642335339839867
1000FLOKIUSDT,-0.6298012437507621,-0.2701202590194265,0.007516188714153493,-0.8249306197964847
1000LUNCUSDT,-0.6259901520017127,-0.34397936917278316,0.005951200158698544,-0.6927196984725252
1000PEPEUSDT,-0.6051171506607713,-0.2035894559730791,0.009639652271452581,-0.67573378201533
1000RATSUSDT,-0.5477678571428571,-0.45723821443471,0.006675010429703754,-0.770546516478932
1000SATSUSDT,-0.7165109034267914,-0.40524781341107874,0.017492711370262315,-0.8192419825072886
1000SHIBUSDT,-0.31940601365061794,-0.18408750110258454,0.007762194584105098,-0.4157184440328129
1000WHYUSDT,-0.2968197879858657,-0.23684210526315785,0.013157894736842257,-0.6381578947368421
1000XECUSDT,-0.3025830258302583,-0.16216216216216217,0.008813160987074076,-0.4347826086956522
1000XUSDT,-0.23244005641748944,-0.20384204909284953,0.008004268943436532,-0.3871398078975453
1INCHUSDT,-0.4492099322799097,-0.22986081822016025,0.008013496415014698,-0.567271193589203
1MBABYDOGEUSDT,-0.3941411451398136,-0.23222946981100512,0.006857334002341675,-0.5350393042314768
2ZUSDT,-0.40247067372573453,-0.22027538501696686,0.007047768206734695,-0.5283215870529887
4USDT,-0.5009571209800919,-0.33285929396018066,0.1509118286765938,-0.7008532708716748
A2ZUSDT,-0.4244604316546763,-0.25491352201257855,0.009433962264151052,-0.7775157232704403
AAVEUSDT,-0.5232822260079499,-0.1487959049133284,0.008376313646410782,-0.6897273820141931
ACEUSDT,-0.6021477882894402,-0.331959706959707,0.0022893772893772812,-0.763507326007326
ACHUSDT,-0.5047108812118972,-0.3006212609295904,0.010526921306948767,-0.6155660377358491
ACTUSDT,-0.582442748091603,-0.3455479452054795,0.005479452054794498,-0.7863013698630137
ACXUSDT,-0.2996742671009772,-0.23391812865497075,0.0019493177387914784,-0.5721247563352827
ADAUSDT,-0.531982794505342,-0.19348109517601042,0.009908735332464058,-0.6423728813559322
AERGOUSDT,-0.25977945443993045,-0.1498156630544074,0.009719584403977244,-0.42877890738464974
AEROUSDT,-0.5084415584415585,-0.2500250125062531,0.006503251625812778,-0.7689844922461231
AEVOUSDT,-0.6660707901322847,-0.3595616438356164,0.008876712328767189,-0.8135890410958904
AGIXUSDT,0.0,0.0,0.0,0.0
AGLDUSDT,-0.16373056994818647,-0.14282934423039506,0.0093403385872739,-0.33060906791204525
AGTUSDT,-0.6101890272014754,-0.27808506580202175,0.012588212855235481,-0.7417509059698646
AI16ZUSDT,-0.6878698224852071,-0.40774193548387094,0.014193548387096744,-0.8529032258064516
AIAUSDT,-0.5132204889921452,-0.31295843520782396,0.024938875305623442,-0.8422493887530562
AINUSDT,-0.32939821479988474,-0.1922574434435811,0.008251392422471415,-0.6549542735336589
AIOTUSDT,-0.33433208489388266,-0.16983401491460182,0.09453933124849656,-0.5346884772672601
AIOUSDT,-0.42435876490769475,-0.17296084197492645,1.3216220399318992,-0.5356755920136202
AIUSDT,-0.6599613152804642,-0.36487880350696233,0.004985387656867735,-0.7695547533092659
AIXBTUSDT,-0.5951206140350878,-0.3317768493487343,0.007618579503563705,-0.8274760383386581
AKEUSDT,-0.2509717543405027,-0.1625847431747388,0.023575398521956892,-0.40041531790142304
AKTUSDT,-0.19144144144144148,-0.1536016949152541,0.006355932203389925,-0.30190677966101687
ALCHUSDT,-0.11656804733727799,0.0427837992013691,0.09911580148317167,-0.3603822019395322
ALGOUSDT,-0.3767370046320123,-0.2158377595364559,0.006760019314340893,-0.5388701110574602
ALICEUSDT,-0.38987341772151907,-0.2448979591836734,0.0022675736961450532,-0.5850340136054422
ALLUSDT,-0.2465125750941859,-0.24961817487590687,0.0073501336387933325,-0.48071783123329515
ALPACAUSDT,0.0,0.0,0.0,0.0
ALPHAUSDT,0.0,0.0,0.0,0.0
ALPINEUSDT,-0.6229348019186356,-0.36104998428167245,0.00840930524992145,-0.8413234831813895
ALTUSDT,-0.5718462823725982,-0.2721641502129306,0.008130081300813163,-0.6778939217963609
AMBUSDT,0.0,0.0,0.0,0.0
ANIMEUSDT,-0.43986254295532645,-0.2811023622047244,0.006299212598425141,-0.615748031496063
ANKRUSDT,-0.4105523495465787,-0.2677469135802468,0.010802469135802628,-0.5416666666666666
APEUSDT,-0.6444268461690754,-0.38962246605914075,0.006881160498419359,-0.7204761019155663
API3USDT,-0.2108441475009637,-0.11432744655424243,0.12495020581596061,-0.4936927366883548
APTUSDT,-0.4923638270445061,-0.20457880833577924,0.008197408696381414,-0.6348693865570884
ARBUSDT,-0.6458447991194276,-0.2791942886282509,0.007649158592554883,-0.7345741968383478
ARCUSDT,-0.30862250262881175,-0.366351418616227,0.002488800398208202,-0.7511199601791936
ARIAUSDT,-0.17360276442307687,-0.2315022421524664,0.0008408071748877699,-0.5095291479820627
ARKMUSDT,-0.5927174645987863,-0.3179561439801407,0.008688456764584185,-0.7658254033926355
ARKUSDT,-0.38735903488067136,-0.12253063265816455,0.008002000500125117,-0.4793698424606151
ARPAUSDT,-0.321013727560718,-0.2218890554722639,0.007496251874063109,-0.6441779110444779
ARUSDT,-0.7321877619446773,-0.29349702666410904,0.010742374832150459,-0.7581047381546135
ASRUSDT,-0.3534697953070395,-0.22961275626423683,0.004555808656036442,-0.48929384965831435
ASTERUSDT,-0.3641408114558472,-0.24161622771143465,0.0086700474398822,-0.498227820491848
ASTRUSDT,-0.5729845508818302,-0.3365822241305282,0.005152425933877103,-0.6437097466723916
ATAUSDT,-0.35511363636363635,-0.18666666666666665,0.016000000000000014,-0.46399999999999997
ATHUSDT,-0.4161670856700831,-0.19367588932806323,0.010240747394897554,-0.5910887531440892
ATOMUSDT,-0.5156794425087108,-0.2494244052187259,0.006139677666922472,-0.6265029419288821
AUCTIONUSDT,-0.4991025818031203,-0.2991861516599923,0.008655212504844467,-0.7555871334452913
AUSDT,-0.4242516799022603,-0.3215182807703042,0.010047446274072058,-0.5676807144850684
AVAAIUSDT,-0.6521739130434783,-0.37667887667887656,0.008547008547008517,-0.7551892551892552
AVAUSDT,-0.5420645748067303,-0.19995741056218064,0.007879045996592726,-0.817717206132879
AVAXUSDT,-0.5473166084471262,-0.17257826399666887,0.009766438278381306,-0.6807737441798842
AVNTUSDT,-0.5361180038599394,-0.34384858044164035,0.005804416403785595,-0.7658044164037855
AWEUSDT,-0.16706772086627697,-0.1053324555628703,0.010533245556286985,-0.359008119376783
AXLUSDT,-0.4865623746490172,-0.3401759530791789,0.008797653958944274,-0.7338709677419355
AXSUSDT,-0.46984792868379655,-0.2747903305377406,0.0054267390231868,-0.6043413912185496
B2USDT,-0.0015145140933948698,0.029249268768280823,0.03867403314917128,-0.1062723431914201
B3USDT,-0.262780269058296,-0.22114164904862577,0.008456659619450413,-0.49006342494714583
BABYUSDT,-0.5195558920010093,-0.24480746791131858,0.011201866977829766,-0.7841306884480747
BADGERUSDT,0.0,0.0,0.0,0.0
BAKEUSDT,0.0,0.0,0.0,0.0
BALUSDT,0.0,0.0,0.0,0.0
BANANAS31USDT,-0.6729055258467023,-0.3931504105748047,0.004005607850991355,-0.8666132585619868
BANANAUSDT,-0.7485391507596415,-0.26123833757421544,0.005149642554222789,-0.7988004362050163
BANDUSDT,-0.3783091374893254,-0.22049492385786795,0.0053934010152285605,-0.4934961928934011
BANKUSDT,0.05399708123885194,0.11071373036852727,0.46944487638003407,-0.4557611568962836
BANUSDT,-0.05034359127576926,0.17295457907974554,0.5845539280958723,-0.32075750850717555
BARDUSDT,-0.49602877266596734,-0.26966140563874275,0.005261027923917361,-0.6823148522865237
BASUSDT,-0.21056870553492335,0.02846777635510045,0.03713188220230479,-0.30162185232607774
BATUSDT,-0.154244977316915,-0.15207945375543142,0.020484171322160183,-0.2141527001862198
BBUSDT,-0.6035330793210946,-0.3379127966976264,0.021865325077399245,-0.6964009287925697
BCHUSDT,-0.14242104678914358,-0.03060677530017153,0.04541881074899967,-0.1777801600914808
BDXNUSDT,-0.6813695249845774,-0.4070294784580498,0.005102040816326481,-0.8460884353741497
BEAMXUSDT,-0.4433161774933927,-0.2484202211690364,0.008820431806213724,-0.7107688256977356
BELUSDT,-0.49849548645937813,-0.22524182404421922,0.009672961768770305,-0.6245969599263013
BERAUSDT,-0.5578259092766653,-0.2945128779395296,0.005599104143337197,-0.6954087346024636
BICOUSDT,-0.40494078696039726,-0.251578947368421,0.004678362573099282,-0.7423391812865497
BIDUSDT,-0.2761115031757234,-0.17287014061207595,0.008767576509512098,-0.49677419354838703
BIGTIMEUSDT,-0.5446644133268952,-0.2840960579972813,0.009288627095604962,-0.6048935206162211
BIOUSDT,-0.624585749792875,-0.2906821646341463,0.012766768292683084,-0.7293254573170731
BLESSUSDT,-0.3560699335139128,-0.18066561014263072,0.005659950192438368,-0.4962644328729907
BLURUSDT,-0.492617027961043,-0.3353080568720378,0.00755331753554489,-0.6452902843601895
BLZUSDT,0.0,0.0,0.0,0.0
BMTUSDT,-0.5799812909260991,-0.2736318407960199,0.008577800651912826,-0.708354777834963
BNBUSDT,-0.25932395549023723,-0.10419480319927532,0.006299887588655295,-0.33394256508131626
BNTUSDT,-0.20814257684761284,-0.05527559055118114,0.00913385826771651,-0.2922834645669291
BNXUSDT,0.0,0.0,0.0,0.0
BOMEUSDT,-0.6594634873323398,-0.32494901427600276,0.00611828687967364,-0.752549286199864
BONDUSDT,0.0,0.0,0.0,0.0
BRETTUSDT,-0.5655926352128884,-0.27289234760051884,0.017120622568093324,-0.7234760051880675
BROCCOLI714USDT,-0.4580304031725049,-0.369487485101311,0.01728247914183534,-0.8295589988081049
BROCCOLIF3BUSDT,-0.1556223615197646,0.10030266343825667,0.17627118644067807,-0.24152542372881358
BRUSDT,-0.00833585935131853,-0.09170118554492224,0.21539780031424072,-0.37094700757034704
BSVUSDT,-0.2876595744680852,-0.1636440320539858,0.15352172079291448,-0.44664698439477024
BSWUSDT,0.0,0.0,0.0,0.0
BTCDOMUSDT,0.12847423781549683,0.03361264747074322,0.2770907019251312,-0.002824791701284135
BTCSTUSDT,0.0,0.0,0.0,0.0
BTCUSDT,-0.09943837490020735,-0.028743143530477133,0.004631868904645842,-0.12939988954180426
BTRUSDT,-0.2772445820433437,-0.2749271137026239,0.005102040816326481,-0.6677842565597667
BULLAUSDT,-0.23489010989010994,-0.0545924013279232,0.04112873478421242,-0.584286241239395
BUSDT,-0.3285431119920713,-0.10717703349282304,0.011961722488038395,-0.6665071770334928
C98USDT,-0.45684210526315794,-0.3961165048543689,0.009708737864077666,-0.7165048543689321
CAKEUSDT,-0.3488077588337041,-0.23996102515648987,0.004045116334002508,-0.5984410062595961
CARVUSDT,-0.524778761061947,-0.22852306390181976,0.004231908590774491,-0.5924672027084215
CATIUSDT,-0.4619804891086463,-0.19869788406160005,0.00801302115938407,-0.5584074120445723
CELOUSDT,-0.4303797468354431,-0.2537764350453172,0.015105740181268867,-0.5649546827794563
CELRUSDT,-0.362844702467344,-0.24180327868852458,0.006830601092896238,-0.5683060109289617
CETUSUSDT,-0.6464697895451459,-0.3639581409664512,0.010310864881502013,-0.7285318559556786
CFXUSDT,-0.4363557105492589,-0.24984096692111968,0.006361323155216203,-0.512881679389313
CGPTUSDT,-0.5446220930232559,-0.2672611809214972,0.00959329820294541,-0.7677340899878395
CHESSUSDT,-0.5388426476416963,-0.21324573863636365,0.0021306818181816567,-0.8868963068181819
CHILLGUYUSDT,-0.3886449184441656,-0.3258964143426295,0.0063745019920318224,-0.7845949535192563
CHRUSDT,-0.43190661478599224,-0.27359617682198323,0.007168458781362075,-0.6200716845878136
CHZUSDT,-0.5194805194805194,-0.2699668282725185,0.005868844092880687,-0.6208216381730034
CKBUSDT,-0.44951048951048944,-0.18576972833117722,0.005950840879689556,-0.6369987063389392
COAIUSDT,0.13781223083548655,0.15821325648414986,0.6597564841498558,-0.19870317002881854
COMBOUSDT,0.0,0.0,0.0,0.0
COMPUSDT,-0.40733145347346833,-0.2439625431246919,0.008132084770823056,-0.6131099063578117
COOKIEUSDT,-0.4900199600798403,-0.2935278030993619,0.012762078395624377,-0.666362807657247
COSUSDT,-0.425705794947994,-0.2752808988764045,0.002457865168539408,-0.6485252808988764
COTIUSDT,-0.4915511265164645,-0.24028979673978668,0.020929764540148943,-0.6176293016703562
COWUSDT,-0.332089552238806,-0.21796875000000004,0.006249999999999867,-0.508984375
CROSSUSDT,-0.2571196602548089,-0.360875106202209,0.014071792693288065,-0.7210067969413764
CRVUSDT,-0.6050552922590837,-0.3100436681222708,0.010189228529839722,-0.7219796215429404
CTKUSDT,-0.08762392069075786,-0.05204572803850782,0.00661853188929018,-0.21419975932611313
CTSIUSDT,-0.4802527646129542,-0.2433234421364986,0.014836795252225476,-0.6617210682492581
CUDISUSDT,-0.3660053799596503,-0.3226449831236575,0.019484504449217344,-0.5320650506290273
CUSDT,-0.3896491093953063,-0.29502824070845834,0.04609162540966438,-0.49515375496827274
CVCUSDT,-0.2704290789833287,-0.1832091016084738,0.01987707597750754,-0.4707728520988623
CVXUSDT,-0.5453890489913544,-0.3331121433311215,0.009621765096217816,-0.8178500331785004
CYBERUSDT,-0.6101167315175098,-0.3521832498210451,0.009305654974946176,-0.6979241231209735
DAMUSDT,-0.562906952320941,-0.3499456324755347,0.02029720913374411,-0.8553823849220732
DARUSDT,0.0,0.0,0.0,0.0
DASHUSDT,-0.24467836257309938,-0.12692656391659096,0.007026291931097051,-0.34406165004533085
DEEPUSDT,-0.5862745098039215,-0.18285665933322048,0.01616178710441707,-0.6683872059570146
DEFIUSDT,0.0,0.0,0.0,0.0
DEGENUSDT,-0.42324561403508776,-0.17951856385148912,0.009383924928600518,-0.6266829865361077
DEGOUSDT,-0.7503743916136278,-0.4927395077032053,0.001859394368691314,-0.8912697007260493
DENTUSDT,-0.5559566787003609,-0.2818791946308724,0.005033557046979942,-0.6426174496644295
DEXEUSDT,-0.26089743589743597,-0.5030730296456978,0.005965292841648706,-0.8596348517715112
DFUSDT,-0.45953237410071945,-0.2908483075637276,0.006268282490597521,-0.8031759297952361
DGBUSDT,0.0,0.0,0.0,0.0
DIAUSDT,-0.4322127005053834,-0.26225839267548323,0.005696846388606458,-0.5603255340793489
DMCUSDT,-0.44509731913330886,-0.21447721179624657,0.010388739946380676,-0.6504691689008042
DODOXUSDT,-0.36945874670350376,-0.22406216753781383,0.0062213793422452035,-0.5585364725472963
DOGEUSDT,-0.4879923587737651,-0.19729858024424973,0.011565183618866826,-0.6381564752082165
DOGSUSDT,-0.5741127348643006,-0.36067101584342964,0.002795899347623365,-0.7931034482758621
DOLOUSDT,-0.3484779125658045,-0.36548488008342017,0.015432742440041558,-0.5385818561001043
DOODUSDT,-0.26277850589777185,-0.14188034188034193,0.007340372046254373,-0.4972347913524384
DOTUSDT,-0.5973118279569893,-0.2638146167557932,0.009931245225362817,-0.760122230710466
DRIFTUSDT,-0.3121489801950931,-0.1868637567982151,0.0990099009900991,-0.47273741458652907
DUSDT,-0.5011202389843167,-0.2657391304347826,0.011130434782608667,-0.5951304347826087
DUSKUSDT,-0.465452847805789,-0.2891369047619047,0.012053571428571441,-0.5959821428571428
DYDXUSDT,-0.7726315789473684,-0.3639921722113503,0.009784735812133016,-0.8747553816046967
DYMUSDT,-0.6952908587257618,-0.34271099744245526,0.008951406649616356,-0.850383631713555
EDENUSDT,-0.5774907749077491,-0.37796257796257793,0.016632016632016633,-0.7505197505197505
EDUUSDT,-0.5578859060402686,-0.36770280515542075,0.006823351023502733,-0.6967399545109931
EGLDUSDT,-0.5478099417672377,-0.2878871900499088,0.0053077715281628635,-0.7054582904222451
EIGENUSDT,-0.6629615184607385,-0.28275946725587664,0.007610630332044455,-0.6988890934757257
ENAUSDT,-0.6767526102706158,-0.195485770363101,0.0047105004906773384,-0.7487733071638861
ENJUSDT,-0.5506140677335318,-0.32115650969529086,0.008137119113573288,-0.6104570637119113
ENSUSDT,-0.5648633879781421,-0.29440552235730477,0.005409025345147311,-0.6616010715021636
EPICUSDT,-0.4249958834184093,-0.30287263667008646,0.017587571449509065,-0.6540378132786164
EPTUSDT,-0.38754325259515576,-0.3243300274319477,0.012027853977632397,-0.6910740662587044
ERAUSDT,-0.198509485094851,-0.24720287101541072,0.012244036309900785,-0.4331855604813173
ESPORTSUSDT,-0.4684446939921393,-0.27082438814942034,0.00488407041648764,-0.5995598969514814
ETCUSDT,-0.3049534708976359,-0.30767549849767817,0.004643540016389114,-0.582791586998088
ETHFIUSDT,-0.7755573190967463,-0.24998293398866822,0.007577309031333135,-0.7909754932077275
ETHUSDT,-0.10675016252913327,-0.013471873521585742,0.0068060245457435276,-0.1489340398849559
ETHWUSDT,-0.43719726073158505,-0.38188702573216904,0.007418282976586088,-0.5993354454833475
EVAAUSDT,-0.7021151066403138,-0.22907164122033163,0.005626416846475246,-0.8027749706388442
FARTCOINUSDT,-0.7034198113207547,-0.30902896081771714,0.017206132879046043,-0.8425894378194208
FETUSDT,-0.6076993583868011,-0.25134148959004077,0.005580596694569673,-0.7527366387636831
FFUSDT,-0.435598469666606,-0.2506910126476254,0.005109305636987971,-0.5950247089370969
FHEUSDT,-0.44387755102040827,-0.43807070943572934,0.012409271833294433,-0.6820416764223836
FIDAUSDT,-0.19408665105386425,-0.21257033072595033,0.014820913956360648,-0.5870728694936188
FILUSDT,-0.3376498800959232,-0.2933996383363473,0.009041591320072317,-0.3756781193490055
FIOUSDT,-0.3182135380321006,-0.3099801718440185,0.00793126239259756,-0.5717118307997356
FISUSDT,-0.32172586015538296,-0.015390846496557309,0.3635749966248145,-0.614823815309842
FLMUSDT,-0.4716981132075472,-0.25108225108225113,0.012987012987013102,-0.5844155844155845
FLOCKUSDT,-0.41474850809889174,-0.21553477023180156,0.012200081333875623,-0.6457909719398129
FLOWUSDT,-0.5314465408805031,-0.27462686567164185,0.005970149253731405,-0.6477611940298508
FLUIDUSDT,-0.4938852304797743,-0.16940581542351452,0.010655589669496202,-0.6266931551381614
FLUXUSDT,-0.30472636815920395,-0.24147891392258813,0.006354708261120612,-0.4702484113229347
FORMUSDT,-0.5511986619587438,-0.3792405994299898,0.03291348717477249,-0.8243081732095247
FORTHUSDT,-0.337888198757764,-0.2818003913894326,0.007436399217221057,-0.7483365949119374
FTMUSDT,0.0,0.0,0.0,0.0
FTTUSDT,0.0,0.0,0.0,0.0
FUNUSDT,-0.48108907231735865,-0.3165769000598444,0.00957510472770795,-0.6266906044284859
FUSDT,-0.19203549170803835,-0.2827178729689809,0.2851797144263908,-0.5490891186607583
FXSUSDT,-0.6497992876123706,-0.3509603138213867,0.010341841153395537,-0.7441540577716643
GALAUSDT,-0.7325319308790383,-0.359472588480222,0.009021512838306878,-0.8202637057598889
GASUSDT,-0.33949021056520123,-0.21307420494699658,0.008833922261484162,-0.43462897526501765
GHSTUSDT,-0.3238702201622248,-0.16130820399113088,0.01247228381374721,-0.4747782705099778
GIGGLEUSDT,-0.13412151581584708,-0.06486838888436142,0.09102762611034154,-0.20136908157444378
GLMRUSDT,0.0,0.0,0.0,0.0
GLMUSDT,-0.10902409146590453,-0.12810502171685123,0.009613976867893115,-0.2882729002976917
GMTUSDT,-0.6104811523138216,-0.3122159090909091,0.003977272727272663,-0.6877840909090909
GMXUSDT,-0.5447785585880045,-0.28144873584612995,0.010469986040018586,-0.7689623080502559
GOATUSDT,-0.45550816296514196,-0.3682237986882613,0.007897202516396806,-0.6214696827733904
GPSUSDT,-0.5062056737588652,-0.31765676567656775,0.017326732673267342,-0.6122112211221122
GRASSUSDT,-0.7134797194266544,-0.35496761747278494,0.009921455146754798,-0.7570621468926554
GRIFFAINUSDT,-0.48892534864643145,-0.2758117475373951,0.005107624954396206,-0.6833272528274352
GRTUSDT,-0.4940189742884642,-0.2769290523045055,0.003754531330916633,-0.6192387364060072
GTCUSDT,-0.471042471042471,-0.20714285714285718,0.0035714285714285587,-0.6964285714285714
GUNUSDT,-0.2869387755102041,-0.3192156862745097,0.010588235294117787,-0.7407843137254901
GUSDT,-0.2857142857142857,-0.19867549668874174,0.0055187637969094094,-0.42163355408388525
HAEDALUSDT,-0.4393305439330545,-0.22414486921529175,0.013521126760563273,-0.6338832997987927
HANAUSDT,-0.42050491424166503,-0.26638795986622077,0.02959866220735785,-0.8331103678929765
HBARUSDT,-0.45292461682827645,-0.1949844190532719,0.010387297818667651,-0.6087451154968591
HEIUSDT,-0.7681755829903978,-0.4431854969245711,0.01003561022984778,-0.9284558109420524
HEMIUSDT,-0.31264397235730734,-0.11346153846153839,0.003858173076923155,-0.3858173076923077
HFTUSDT,-0.4724814934019955,-0.2965022684033367,0.009951704961217667,-0.6680813698229182
HIFIUSDT,0.0,0.0,0.0,0.0
HIGHUSDT,-0.4754950495049505,-0.22481515711645095,0.007855822550831615,-0.6534195933456562
HIPPOUSDT,-0.43111831442463533,-0.5137446548564446,0.2348808796579107,-0.837202199144777
HIVEUSDT,-0.3317399031684747,-0.181222579701667,0.006142146826557449,-0.6569172272594326
HMSTRUSDT,-0.5456612353164078,-0.3070206077541041,0.009779951100244322,-0.650716032134125
HOLOUSDT,-0.4529230769230769,-0.34510250569476086,0.009111617312072884,-0.7562642369020501
HOMEUSDT,-0.11752426295550267,-0.025558094568465473,0.05765512392336092,-0.5101072244682722
HOOKUSDT,-0.5690699608029457,-0.36340038935756,0.0029201817001947017,-0.8254380272550292
HOTUSDT,-0.5498687664041995,-0.22850122850122856,0.00982800982800991,-0.6142506142506143
HUMAUSDT,-0.5601990728115627,-0.11994113318616628,0.010237706753687181,-0.7118405477173113
HUSDT,-0.2659912293966429,-0.14281481481481484,0.011111111111111072,-0.6288888888888889
HYPERUSDT,-0.464527790329869,-0.3236272878535774,0.008735440931780358,-0.7304492512479202
HYPEUSDT,-0.2901176640438894,-0.02080951825498667,0.07462965123060772,-0.5094132742330573
ICNTUSDT,-0.2932232841007818,-0.31064718162839244,0.005010438413361129,-0.6121085594989562
ICPUSDT,-0.3386433710174718,-0.2781936730258392,0.007244626901714568,-0.5513161072204782
ICXUSDT,-0.2773437500000001,-0.17750929368029744,0.006505576208178265,-0.5
IDEXUSDT,0.0,0.0,0.0,0.0
IDOLUSDT,-0.06925357046618152,-0.11029218215319836,0.07949460384311657,-0.3743090286917611
IDUSDT,-0.4774324535374044,-0.3151912568306011,0.008743169398906847,-0.6408014571948999
ILVUSDT,-0.3500262782491178,-0.2092761770906535,0.013422347153900116,-0.4384399156711174
IMXUSDT,-0.5336700336700336,-0.27741731286595983,0.007279632853299578,-0.6614970723215698
INITUSDT,-0.4925430210325048,-0.3953729281767956,0.007251381215469532,-0.7848756906077348
INJUSDT,-0.633943903835146,-0.3098930481283423,0.01007130124777178,-0.7564171122994652
INUSDT,-0.21982697489717762,-0.0982207045291158,0.04596513299784322,-0.2909777138749102
IOSTUSDT,-0.4710896960711638,-0.268369489153254,0.007697690692792358,-0.5885234429671098
IOTAUSDT,-0.45551378446115287,-0.22090962787950397,0.008860011813349056,-0.5386887182516243
IOTXUSDT,-0.21663019693654262,-0.45836947094535996,0.004336513443191636,-0.9483954900260191
IOUSDT,-0.6519982038616974,-0.3653572155505801,0.002238957866883773,-0.8147771219214329
IPUSDT,-0.8568496664956388,-0.3556536669119451,0.0028207014961980637,-0.8768702477311748
JASMYUSDT,-0.5677635248187396,-0.30430007603277864,0.007265354397228974,-0.6434062684801892
JELLYJELLYUSDT,-0.06856745479833104,0.18096405228758172,0.27096949891067545,-0.17388344226579522
JOEUSDT,-0.4359108585103201,-0.222439706396365,0.006011883956658526,-0.5953163229639986
JSTUSDT,-0.15790143488912223,-0.05577452452452458,0.098755005005005,-0.2698010510510511
JTOUSDT,-0.6846907993966818,-0.318061918645009,0.009232264334305018,-0.7639872275440789
JUPUSDT,-0.693561532192339,-0.2332586507343789,0.0077172018919591245,-0.7378640776699029
KAIAUSDT,-0.5836873406966865,-0.25637065637065637,0.006949806949806847,-0.6594594594594594
KAITOUSDT,-0.29991304347826075,-0.10739523418241581,0.006162695152013065,-0.4199671322925227
KASUSDT,-0.7977371357718537,-0.28559333991816005,0.009171722872865828,-0.8724425003527586
KAVAUSDT,-0.8152410575427682,-0.48403614457831323,0.005120481927710863,-0.8213855421686747
KDAUSDT,-0.5613359023763649,-0.29944493134677175,0.00876424189307623,-0.780601811276658
KERNELUSDT,-0.43462897526501765,-0.324425691514299,0.02297233942803567,-0.5654008438818565
KEYUSDT,0.0,0.0,0.0,0.0
KGENUSDT,-0.32464712269272533,-0.2140839544919576,0.053903491565319595,-0.5684582189093763
KLAYUSDT,0.0,0.0,0.0,0.0
KMNOUSDT,-0.4121578612348822,-0.23072334079045487,0.007009694258016452,-0.5691275167785235
KNCUSDT,-0.08063967335828515,-0.1507424144609426,0.008392511297611316,-0.2746933505487411
KOMAUSDT,-0.21340304182509506,-0.23697326687811504,0.03806071590394211,-0.4490258269143633
KSMUSDT,-0.5873577360812058,-0.24676346470209565,0.0027895000357627264,-0.6850725985265718
LAUSDT,-0.5061506150615062,-0.24444444444444435,0.006111111111111178,-0.5583333333333333
LAYERUSDT,-0.7130124777183601,-0.2604715672676837,0.010263522884882192,-0.777253814147018
LDOUSDT,-0.7324326951112838,-0.2743055555555556,0.012609649122807154,-0.7658077485380117
LEVERUSDT,0.0,0.0,0.0,0.0
LIGHTUSDT,-0.015538033395176343,0.03320489573889396,0.05519038984587499,-0.11491387126019936
LINAUSDT,0.0,0.0,0.0,0.0
LINEAUSDT,-0.7262302914476828,-0.24912126537785584,0.008787346221441172,-0.7640597539543058
LINKUSDT,-0.44577515034145343,-0.16963718931588456,0.009961423897651311,-0.601347722056741
LISTAUSDT,-0.2623080995235575,-0.16305443548387089,0.005292338709677491,-0.35962701612903225
LITUSDT,0.0,0.0,0.0,0.0
LOKAUSDT,0.0,0.0,0.0,0.0
LOOMUSDT,0.0,0.0,0.0,0.0
LPTUSDT,-0.45482251703119403,-0.31497760822690335,0.006634599436059041,-0.6500248797478853
LQTYUSDT,-0.46468339704171513,-0.24247080516287656,0.008912108174554234,-0.6736324523663184
LRCUSDT,-0.3189252336448598,-0.16885991882917217,0.005411388513098192,-0.41323330463657604
LSKUSDT,-0.24782608695652175,-0.14043035107587776,0.0075500188750472486,-0.3842959607399019
LTCUSDT,-0.4143253838614832,-0.21707567268997086,0.00686498855835227,-0.5928351613666851
LUMIAUSDT,-0.5330932012606934,-0.2576006573541496,0.004930156121610629,-0.7674609695973706
LUNA2USDT,-0.5844044558697514,-0.3749013417521705,0.007892659826361559,-0.739542225730071
LYNUSDT,-0.2900024807740015,-0.15983376389980897,0.011906099067729992,-0.5204425474559138
MAGICUSDT,-0.618788291354663,-0.32537688442211066,0.005025125628140614,-0.7223618090452262
MANAUSDT,-0.45737246680642907,-0.2995391705069125,0.006254114549045564,-0.6050032916392364
MANTAUSDT,-0.5972495088408645,-0.36172765446910615,0.006598680263947276,-0.713257348530294
MASKUSDT,-0.3975662913185616,-0.3325377205694314,0.003665501662262427,-0.6146108601142273
MAVIAUSDT,-0.4021317829457365,-0.3524379811804962,0.0051325919589391145,-0.5620188195038495
MAVUSDT,-0.5964210030609842,-0.23261339092872568,0.007991360691144811,-0.7680345572354212
MBOXUSDT,-0.23945533045499834,-0.24639702463970248,0.02231520223152028,-0.6609328994266233
MDTUSDT,0.0,0.0,0.0,0.0
MELANIAUSDT,-0.5991590749824807,-0.29743268628678776,0.0050093926111458575,-0.7232310582341891
MEMEFIUSDT,0.0,0.0,0.0,0.0
MEMEUSDT,-0.5048590864917395,-0.28828828828828834,0.009009009009008917,-0.6288288288288288
MERLUSDT,-0.0623487861175227,0.03788329457573969,0.03788329457573969,-0.10740360175220376
METISUSDT,-0.5685740236148955,-0.2792642140468229,0.010033444816053505,-0.6571906354515051
MEUSDT,-0.5616329766151407,-0.30164601442574435,0.008137599408174712,-0.726280747179582
MEWUSDT,-0.5707229456668164,-0.2867338371116709,0.010075566750629816,-0.647774979009236
MILKUSDT,-0.3415564598168871,-0.2214440956290752,0.0002414875633904856,-0.5829509780246318
MINAUSDT,-0.5714285714285714,-0.3596377749029753,0.0077619663648125226,-0.779430789133247
MIRAUSDT,-0.34236842105263154,-0.2244847890088323,0.012021589793915544,-0.5561825318940137
MITOUSDT,-0.5224308442023793,-0.31816029759891784,0.044369293202570104,-0.7404125803178898
MKRUSDT,0.0,0.0,0.0,0.0
MLNUSDT,-0.297179125528914,-0.2822838847385273,0.3127001067235857,-0.588180362860192
MOCAUSDT,-0.26943308007013445,-0.12094519015659966,0.01342281879194629,-0.5040548098434005
MONUSDT,-0.09319764327798608,-0.04712584153288446,0.07022268254790265,-0.37276022786121177
MOODENGUSDT,-0.40766577833516227,-0.2616088947024199,0.013225783009955583,-0.6099847394811424
MORPHOUSDT,-0.5366830008972324,-0.21408450704225357,0.009859154929577452,-0.6631241997439181
MOVEUSDT,-0.5311850311850311,-0.33954857703631014,0.00981354268891077,-0.7026496565260059
MOVRUSDT,-0.3672749896308586,-0.20661478599221783,0.010505836575875449,-0.5577821011673152
MTLUSDT,-0.418748892433103,-0.23084711441106986,0.007593655079311423,-0.548768140398245
MUBARAKUSDT,-0.6467372736590365,-0.3799004355942751,0.005911636589919,-0.8148724331051649
MUSDT,0.034956120998186124,-0.0006913921675145707,0.1766013136451181,-0.22371475134574548
MYROUSDT,-0.47,-0.3774834437086092,0.012642986152920033,-0.6851294400963275
MYXUSDT,-0.6592920353982301,-0.412856196156395,0.014579191517561263,-0.8190854870775348
NAORISUSDT,-0.5937277263007841,-0.48545312674172336,0.014268197525359572,-0.9338981161520454
NEARUSDT,-0.4171713573209833,-0.20445344129554655,0.00775978407557365,-0.4794197031039137
NEIROETHUSDT,0.0,0.0,0.0,0.0
NEIROUSDT,-0.6716839134524929,-0.30063157894736847,0.010947368421052595,-0.8160000000000001
NEOUSDT,-0.4708407871198569,-0.2976372599014109,0.012918578956314652,-0.595104538500765
NEWTUSDT,-0.5642558278541542,-0.2476296709425544,0.007250418293363259,-0.7278304517568321
NFPUSDT,-0.46797839506172834,-0.3088466236258943,0.006979584714709386,-0.5883789914500087
NILUSDT,-0.17276964047936083,-0.12962962962962965,0.005335844318895111,-0.3553044569993723
NKNUSDT,-0.413003663003663,-0.16989247311827949,0.012903225806451646,-0.7027956989247311
NMRUSDT,-0.6343159267038458,-0.22865667593408834,0.008815352275038935,-0.7130941886485387
NOMUSDT,-0.45629084967320255,-0.36845930232558144,0.0061773255813952765,-0.7605377906976745
NOTUSDT,-0.6705974842767295,-0.3747440273037542,0.0027303754266212454,-0.8416382252559726
NTRNUSDT,-0.5766778013969025,-0.26468942361499714,0.007274762171236571,-0.6852266368214885
NULSUSDT,0.0,0.0,0.0,0.0
NXPCUSDT,-0.3541472506989749,-0.26089799476896247,0.01155187445510042,-0.5612467306015693
OBOLUSDT,-0.10455655004068354,-0.17657772516164283,0.008378107640469867,-0.2395956652399599
OCEANUSDT,0.0,0.0,0.0,0.0
OGNUSDT,-0.4147286821705426,-0.24684684684684688,0.0108108108108107,-0.7531531531531531
OGUSDT,-0.04523737526459026,0.00030237058538928885,0.012215771649733753,-0.07226656990807945
OLUSDT,-0.6595970307529162,-0.37968599807753933,0.005767382249278974,-0.8849727651393784
OMGUSDT,0.0,0.0,0.0,0.0
OMNIUSDT,0.0,0.0,0.0,0.0
OMUSDT,-0.720094632559515,-0.24516346477923834,0.012807549713515165,-0.7818672059319178
ONDOUSDT,-0.6381287464164711,-0.24527158098933066,0.010911736178467413,-0.7114451988360815
ONEUSDT,-0.7300771208226221,-0.29701834862385323,0.0034403669724771824,-0.7935779816513762
ONGUSDT,-0.39690453158717176,-0.16840005698817506,0.0070522866505200454,-0.5025644678729164
ONTUSDT,-0.5262189512419504,-0.2852203975799482,0.008643042350907626,-0.5790838375108038
OPENUSDT,-0.4796896394340483,-0.3197564560151165,0.005248792777661215,-0.6191475960529078
OPUSDT,-0.554693811601228,-0.3170951736580966,0.007818373176965876,-0.6609532401142686
ORBSUSDT,0.0,0.0,0.0,0.0
ORCAUSDT,-0.5,-0.22078621432417878,0.00646203554119551,-0.6365105008077544
ORDERUSDT,-0.3593185881033334,-0.29731576378721336,0.00019521717911175074,-0.5071742313323573
ORDIUSDT,-0.7866666666666666,-0.3715507726269316,0.010071743929359833,-0.8762417218543046
OXTUSDT,-0.2364210051836827,-0.1415759128763613,0.007260303224428721,-0.32073457185564813
PARTIUSDT,-0.6214482126489459,-0.39214046822742477,0.056020066889632014,-0.6948160535117057
PAXGUSDT,-0.057110837162389294,-0.014656175128493154,0.08180814999652064,-0.23276899064510037
PENDLEUSDT,-0.5514064015518914,-0.2255702280912365,0.005234093637454862,-0.6024009603841537
PENGUUSDT,-0.6913675444345915,-0.2730857470605105,0.009822196730714161,-0.7952753082879266
PEOPLEUSDT,-0.3951789627465304,-0.2790073775989269,0.0067069081153587895,-0.5412474849094567
PERPUSDT,-0.42259414225941416,-0.32626619552414604,0.005104043973302108,-0.6117000392618767
PHAUSDT,-0.5028788576692769,-0.3334778837814397,0.008456201214223746,-0.7658282740676496
PHBUSDT,-0.5854692230070635,-0.35445656261752545,0.011470477623166664,-0.7549830763444905
PIPPINUSDT,-0.6149425287356323,-0.4877551020408163,0.011734693877551106,-0.8846938775510205
PIXELUSDT,-0.577659101023587,-0.3358932902182701,0.00808407437348424,-0.709781729991916
PLAYUSDT,-0.12814974802015833,-0.3315165876777252,0.010663507109004655,-0.6582938388625592
PLUMEUSDT,-0.7306389440485925,-0.3748931623931624,0.009294871794871762,-0.8916666666666667
PNUTUSDT,-0.5793531289525989,-0.27696745401110257,0.007238489169478779,-0.6460215521933166
POLUSDT,-0.4280545112781955,-0.2259821428571428,0.008928571428571397,-0.48754464285714283
POLYXUSDT,-0.4720563766271899,-0.22322090437361009,0.007134914751667942,-0.5735730170496665
PONKEUSDT,-0.444978783592645,-0.20872033023735814,0.01031991744066052,-0.6430598555211559
POPCATUSDT,-0.5768398268398267,-0.3229420360448124,0.011203117389186446,-0.6882610813443741
PORT3USDT,-0.21476625840952224,-0.5051988777025912,0.18583924740056124,-0.8717610166694174
PORTALUSDT,-0.6392766497461929,-0.3323831242873432,0.011972633979475455,-0.7990307867730901
POWRUSDT,-0.288239815526518,-0.17746686303387338,0.007363770250368162,-0.4543446244477173
PROMPTUSDT,-0.518421052631579,-0.3325377883850438,0.007159904534606021,-0.6650755767700876
PROMUSDT,-0.2341502937006279,-0.0301240992794235,0.06835468374699749,-0.2968374699759808
PROVEUSDT,-0.2904013428963833,-0.15747918461096755,0.007751937984496138,-0.43697961527418894
PTBUSDT,-0.22567849686847596,-0.05471246006389774,0.008386581469648657,-0.3919728434504792
PUFFERUSDT,-0.35555378992531383,-0.2931789504935798,0.0016328954204705148,-0.6829956208713723
PUMPBTCUSDT,-0.1982022471910111,-0.2254277755670513,0.06327099084759258,-0.475925189017111
PUMPUSDT,-0.5035357737104825,-0.19663028910587788,0.0053609036951942635,-0.7187440168485545
PUNDIXUSDT,-0.22671033478893743,-0.15472088215024127,0.005858028945554761,-0.3063404548587181
PYTHUSDT,-0.5773327332733273,-0.2743157894736842,0.009473684210526523,-0.6666666666666666
QNTUSDT,-0.2572513447948529,-0.10719061824915121,0.009155436683468743,-0.3313445118814936
QTUMUSDT,-0.2914338919925512,-0.26402493321460374,0.014692787177203792,-0.46260017809439
QUICKUSDT,-0.3446379468377635,-0.2748358862144419,0.009190371991247392,-0.738730853391685
QUSDT,-0.3133087268253363,-0.16426835384437322,0.11106824582384944,-0.5933798850352996
RADUSDT,0.0,0.0,0.0,0.0
RAREUSDT,-0.7196969696969697,-0.36279170267934313,0.00821089023336219,-0.8601987899740708
RAYSOLUSDT,-0.5222085674157304,-0.20556217393090415,0.011420120773939058,-0.699995892042887
RAYUSDT,0.0,0.0,0.0,0.0
RDNTUSDT,-0.5344995140913509,-0.3403682083520432,0.005837449483610202,-0.833408172429277
REDUSDT,-0.18505427922241868,-0.167931688804554,0.013757115749525761,-0.37642314990512327
REEFUSDT,0.0,0.0,0.0,0.0
REIUSDT,-0.5132275132275133,-0.23211781206171112,0.008415147265077083,-0.8478260869565217
RENDERUSDT,-0.801300578034682,-0.3494694960212201,0.007957559681697646,-0.8315649867374005
RENUSDT,0.0,0.0,0.0,0.0
RESOLVUSDT,-0.5556512114131102,-0.33683395976122044,0.013265531726730062,-0.789188591642715
REZUSDT,-0.35553946415640836,-0.24964936886395517,0.039270687237026536,-0.6255259467040672
RIFUSDT,-0.16984505363528013,-0.09355390758699378,0.005514356341509874,-0.27666856816885343
RLCUSDT,-0.11303796129850907,-0.16964910526841948,0.010096970908727299,-0.2817154853543936
RONINUSDT,-0.35977202564711463,-0.13925790196976628,0.008474576271186418,-0.44892349977095736
ROSEUSDT,-0.4829635499207606,-0.2770398481973434,0.025047438330170868,-0.5681214421252372
RPLUSDT,-0.5560527555346209,-0.19277373870896664,0.008592200925314097,-0.7318792685613571
RSRUSDT,-0.5677262603765945,-0.33463687150837995,0.006517690875232907,-0.6525139664804469
RUNEUSDT,-0.4274432379072063,-0.2149446494464945,0.0027675276752765487,-0.5378228782287824
RVNUSDT,-0.4173748819641171,-0.27151730257320317,0.013309671694764713,-0.5235137533274179
SAFEUSDT,-0.1802232854864434,-0.13056649500151474,0.011814601635868005,-0.43289912147833987
SAGAUSDT,-0.4386503067484663,-0.34350721420643726,0.011098779134295134,-0.7569367369589345
SAHARAUSDT,-0.03589394969408566,0.06646932185145316,0.09862755651237887,-0.052744886975242156
SANDUSDT,-0.5394998519020016,-0.31614502138545786,0.009433585162089697,-0.654554902666187
SANTOSUSDT,-0.5918013856812934,-0.24972557628979142,0.004390779363337094,-0.7195389681668496
SAPIENUSDT,-0.21815326113912537,-0.2177061434244334,0.005761893638558169,-0.7358093903293623
SCRTUSDT,-0.225597609561753,-0.16752216518898733,0.08352776481567892,-0.31404573028464766
SCRUSDT,-0.4420353982300885,-0.3581053491220907,0.006533278889342631,-0.6614944875459371
SCUSDT,0.0,0.0,0.0,0.0
SEIUSDT,-0.48184414524683805,-0.2382208820203543,0.008669430833019298,-0.6796079909536373
SFPUSDT,-0.1846086384564788,-0.14294817332200505,0.008920985556499561,-0.27782497875955814
SHELLUSDT,-0.5401387512388505,-0.29955947136563876,0.0035242290748898064,-0.6969162995594713
SIGNUSDT,-0.7007568406753348,-0.2512060032160085,0.0026800071466857034,-0.8776130069680186
SIRENUSDT,-0.18845211462661127,-0.02849179312480643,0.0777330442861568,-0.44709404356353877
SKATEUSDT,-0.7252696809731467,-0.34481361426256074,0.010940032414910927,-0.8006482982171799
SKLUSDT,-0.5476424361493124,-0.35848193872885226,0.010516689529035173,-0.7512574302697759
SKYAIUSDT,-0.5379670550421856,-0.39600725952813076,0.006533575317604345,-0.7292196007259528
SKYUSDT,-0.29701726844584,-0.1475258208725142,0.004470479420379148,-0.46230923385232003
SLERFUSDT,-0.23915525114155256,-0.13373983739837403,0.007588075880758716,-0.3966124661246613
SLPUSDT,-0.3803326102675343,-0.20187793427230039,0.006036217303823088,-0.5875251509054326
SNTUSDT,0.0,0.0,0.0,0.0
SNXUSDT,-0.49013157894736836,-0.35550277117973084,0.02454473475851149,-0.6310372129849564
SOLUSDT,-0.24830448425954044,-0.07048157535581989,0.011941899005654122,-0.3113667381555859
SOLVUSDT,-0.1573891625615763,-0.49465500485908653,0.001457725947521915,-0.9324586977648203
SOMIUSDT,-0.39041421996508485,-0.2516926700029438,0.004857226964969152,-0.5351780983220489
SONICUSDT,-0.5242105263157895,-0.2985265855221012,0.007046764894298674,-0.7937219730941704
SOONUSDT,0.05675217812197486,0.0976041543727133,0.12120854478933074,-0.07742240056650551
SOPHUSDT,-0.3877099740078366,-0.26832988342956754,0.01205650579220685,-0.5607727784435487
SPELLUSDT,-0.45598366930339373,-0.19558435325173984,0.007919366450684029,-0.6081113510919126
SPKUSDT,-0.4249655805415329,-0.21542438604049985,0.0036622145626883373,-0.5364067212408445
SPXUSDT,-0.49155737061179616,-0.15014436958614064,0.02191456281927895,-0.6736506996372251
SQDUSDT,-0.1826099041089545,-0.054939273030209956,0.010391546455035705,-0.4007103082386987
SSVUSDT,-0.5850300278306724,-0.37207425343018563,0.004439063761097595,-0.7995695453322572
STBLUSDT,-0.465318532136039,-0.3020516289031676,0.00405816706121076,-0.6898884004058168
STEEMUSDT,-0.20872971460548406,-0.15447734570103466,0.005618979664645085,-0.3614876917588298
STGUSDT,-0.2361809045226131,-0.1997857525441885,0.006963042313872458,-0.4734868773433316
STMXUSDT,0.0,0.0,0.0,0.0
STORJUSDT,-0.5549477871705619,-0.28779342723004697,0.007511737089201942,-0.6892018779342723
STOUSDT,-0.2813410425350723,-0.06662965019433642,0.06422357949287427,-0.5002776235424764
STPTUSDT,0.0,0.0,0.0,0.0
STRAXUSDT,0.0,0.0,0.0,0.0
STRKUSDT,-0.6368600682593857,-0.3275326289620881,0.011187072715972857,-0.766935985083903
STXUSDT,-0.5155061439438269,-0.26881324747010127,0.0064397424103037615,-0.627966881324747
SUIUSDT,-0.6902327393124938,-0.22077039508232155,0.008124053995613556,-0.8248849349766781
SUNUSDT,-0.08924643584521375,-0.026610196579830547,0.02680997283042985,-0.1623781364871345
SUPERUSDT,-0.5086049807653371,-0.26002290950744567,0.008209240168002951,-0.6229476899579993
SUSDT,-0.6198568872987478,-0.2874080130825838,0.01062959934587071,-0.6811120196238758
SUSHIUSDT,-0.5095741168702543,-0.31757800432499217,0.006950880444856367,-0.76274328081557
SWARMSUSDT,-0.3535142658315936,-0.28887443070917374,0.022771633051398954,-0.6499674690956408
SWELLUSDT,-0.180251447944625,-0.2660039761431411,0.010868124585818428,-0.5542743538767395
SXPUSDT,-0.38184438040345825,-0.2046384720327422,0.011596180081855145,-0.47066848567530695
SXTUSDT,-0.28337122442351415,-0.17936532270427707,0.013337421431856678,-0.5922121723133528
SYNUSDT,-0.3249211356466878,-0.2134502923976609,0.006822612085769952,-0.6081871345029239
SYRUPUSDT,-0.2670861645030801,-0.04042312051378916,0.030654649468400796,-0.3379297317718172
SYSUSDT,-0.34916020671834624,-0.21714624740433097,0.007119549095224054,-0.5704538712548205
TACUSDT,-0.47435897435897434,-0.3390119250425895,0.008517887563884052,-0.8245315161839863
TAGUSDT,-0.31352017246689245,-0.23752151462994842,0.005450372920252411,-0.6508892713711991
TAIKOUSDT,-0.18091079226450402,-0.1565975353171024,0.05199879771565974,-0.4550646227832883
TAKEUSDT,-0.14873611475553228,-0.04210394802598705,0.012410461435948816,-0.32275528902215567
TANSSIUSDT,-0.43311743170937766,-0.36938309215536935,0.012693577050012728,-0.8778877887788779
TAOUSDT,-0.5087220978940725,-0.17574458850973806,0.008707209895296497,-0.6459067975912766
TAUSDT,-0.33566002874153156,-0.3686301606495077,0.015201243738124148,-0.713422007255139
THETAUSDT,-0.6128719275549805,-0.3242919226734602,0.008242169938558197,-0.6854488236175633
THEUSDT,-0.6531492666091459,-0.3848188309970907,0.005289605924358565,-0.8032266596138588
TIAUSDT,-0.7090042720999015,-0.35187406296851576,0.005847076461769074,-0.8266116941529236
TLMUSDT,-0.5036479171569781,-0.2150065818341379,0.013821851689337361,-0.5528740675734972
TNSRUSDT,-0.5192307692307692,-0.22626931567328923,0.013245033112582849,-0.685430463576159
TOKENUSDT,-0.5412757973733583,-0.3197925669835783,0.0008643042350906516,-0.6283491789109767
TONUSDT,-0.7607537894305613,-0.2624007193166491,0.0032219391578001133,-0.7943578600329686
TOSHIUSDT,-0.38384969515988554,-0.1155707708653052,0.0010624483532049034,-0.7282493212135521
TOWNSUSDT,-0.4471153846153846,-0.3012048192771084,0.010779961953075512,-0.8535193405199746
TRADOORUSDT,-0.036534926470588425,-0.09738933030647001,0.09421112372304208,-0.11804767309875153
TRBUSDT,-0.5694334013205655,-0.29020392359318536,0.012680691791430165,-0.6975671140939598
TREEUSDT,-0.5431910569105691,-0.2903819604233778,0.007823285780027556,-0.6033133916244823
TROYUSDT,0.0,0.0,0.0,0.0
TRUMPUSDT,-0.7996696200630725,-0.2611814345991561,0.004360056258790435,-0.8180028129395218
TRUTHUSDT,-0.2947940947940947,-0.10458515283842795,0.00887918486171757,-0.44876273653566234
TRUUSDT,-0.41981528127623846,-0.319675299574797,0.006184770003865525,-0.7379203710862002
TRXUSDT,-0.07402621377146013,-0.030177371511592832,0.0007869725770324187,-0.10185241237363041
TSTUSDT,-0.3908571428571428,-0.37328423167057245,0.004352192835620938,-0.8865082022095748
TURBOUSDT,-0.5750773461670677,-0.31314187904146074,0.012805883098770066,-0.7184924559401547
TUSDT,-0.009495982468955555,-0.18780318780318783,0.05682605682605679,-0.3007623007623008
TUTUSDT,-0.26504466384579217,-0.5655765152360754,0.003906686014064187,-0.9046768612568367
TWTUSDT,-0.20080610335396565,-0.11819434872501722,0.007856650585802871,-0.3045485871812542
UBUSDT,-0.04997566613943305,0.0247931370163057,0.08791676807009008,-0.11779021659771227
UMAUSDT,-0.5805860805860805,-0.35436473638720833,0.01382886776145198,-0.6464995678478824
UNFIUSDT,0.0,0.0,0.0,0.0
UNIUSDT,-0.5072877965132896,-0.24996625725469013,0.006748549061951659,-0.6952355243622621
USDCUSDT,1.5013557242093967e-05,-0.0036023105233710107,0.0033210520468309745,-0.004084753888823789
USELESSUSDT,-0.5657974530018193,-0.11250000000000004,0.14615384615384608,-0.6564102564102564
USTCUSDT,-0.5353871773522065,-0.3419086352028753,0.007282701220088894,-0.6317033954412182
USUALUSDT,-0.34804928131416846,-0.280701754385965,0.006401137980085236,-0.8162636320531058
UXLINKUSDT,0.0,0.0,0.0,0.0
VANAUSDT,-0.6213179471606438,-0.33342776203965996,0.010481586402266485,-0.6716713881019829
VANRYUSDT,-0.5088495575221239,-0.34704684317718937,0.008961303462321935,-0.740122199592668
VELODROMEUSDT,-0.29011877685114984,-0.26740812379110257,0.00918762088974856,-0.47678916827853
VELVETUSDT,-0.4264367816091954,-0.16796353935082253,0.1301133837261006,-0.49371943085815917
VETUSDT,-0.3408185620394344,-0.25608591885441523,0.004534606205250702,-0.5065393794749403
VFYUSDT,-0.38524744994333215,-0.27714110751465315,0.01889598460327191,-0.5709036829673694
VICUSDT,-0.3626433642818133,-0.21421267893660534,0.033742331288343586,-0.6886503067484662
VIDTUSDT,0.0,0.0,0.0,0.0
VINEUSDT,-0.6630347054075867,-0.35287691187181347,0.007829570284049625,-0.8009832483612527
VIRTUALUSDT,-0.6730791121229368,-0.3137337253254936,0.012704745905081971,-0.7264804703905922
VOXELUSDT,-0.533715925394548,-0.22685904550499447,0.01087680355160936,-0.6841287458379579
VTHOUSDT,-0.41758241758241754,-0.1551844119693806,0.008350730688935437,-0.5588030619345858
VVVUSDT,-0.30950048971596467,-0.15138490926456538,0.021967526265520565,-0.4049665711556829
WALUSDT,-0.5895522388059702,-0.2863151083791653,0.0274991912002589,-0.8084762212876092
WAVESUSDT,0.0,0.0,0.0,0.0
WAXPUSDT,-0.3232841565105836,-0.217629179331307,0.006686930091185372,-0.5574468085106383
WCTUSDT,-0.49725685785536167,-0.3646953405017921,0.01120071684587809,-0.8203405017921147
WIFUSDT,-0.6648829431438127,-0.36413208118751894,0.011814601635868005,-0.7924871251136019
WLDUSDT,-0.744597810566397,-0.3058927000879508,0.017678100263852192,-0.7691292875989446
WLFIUSDT,-0.4666666666666667,-0.19117647058823528,0.0055147058823528106,-0.5594362745098039
WOOUSDT,-0.6010909730775998,-0.32685258964143427,0.004780876494023811,-0.8025498007968128
WUSDT,-0.6209005002779322,-0.3146917493098864,0.004191800429403925,-0.7776300991718639
XAIUSDT,-0.5935828877005348,-0.3446888412017167,0.010997854077253288,-0.7285407725321889
XANUSDT,-0.5262402297017068,-0.3520974706971005,0.04102405922270225,-0.6724244293645898
XCNUSDT,-0.2635342185903984,-0.1578947368421052,0.006822612085769952,-0.398635477582846
XEMUSDT,0.0,0.0,0.0,0.0
XLMUSDT,-0.42925800023443916,-0.17915436465935042,0.011225001392680012,-0.5506935546766196
XMRUSDT,-0.12211865474241101,-0.14063946669958638,0.012900438244552781,-0.18174804024442937
XNYUSDT,-0.40550629958002804,-0.42186395135058696,0.005374063074529811,-0.7766935369820394
XPINUSDT,-0.6378978850672934,-0.27810330839268005,0.029027314522672043,-0.7178400793293067
XPLUSDT,-0.5611166171126528,-0.2445394837330075,0.01023369482205605,-0.6181457155949289
XRPUSDT,-0.37347724296654894,-0.13030801435406691,0.007887260765550241,-0.5592105263157894
XTZUSDT,-0.1869918699186992,-0.1563467492260061,0.007739938080495445,-0.3297213622291022
XVGUSDT,-0.4257584597432905,-0.2884063908234329,0.001502116618872229,-0.573945104465383
XVSUSDT,-0.45094806265457543,-0.21076233183856496,0.003711148909850026,-0.5554352868408845
YALAUSDT,-0.6053604436229205,-0.3046808510638298,0.011914893617021471,-0.676595744680851
YBUSDT,-0.08822298484975322,0.3524345809870817,0.5568068896985756,-0.10947333554157013
YFIUSDT,-0.19754851889683356,-0.07370283018867929,0.004323899371069251,-0.2494103773584906
YGGUSDT,-0.43003851091142486,-0.3058398555087297,0.019265502709211457,-0.7369054786273329
ZECUSDT,-0.2492715679236519,-0.1788521680331333,0.013227960442904196,-0.37731383653114703
ZENUSDT,-0.4826243691420331,-0.2918127866199083,0.008902077151335508,-0.6115457243053682
ZEREBROUSDT,-0.4504189944134078,-0.2531725888324874,0.009517766497461944,-0.7423857868020305
ZETAUSDT,-0.519099590723056,-0.3447401774397971,0.004435994930291454,-0.6330798479087452
ZILUSDT,-0.4056603773584906,-0.28275862068965507,0.006896551724137945,-0.5507389162561576
ZKCUSDT,-0.4160676532769556,-0.3118401206636501,0.008672699849170629,-0.6459276018099547
ZKJUSDT,-0.4995331465919701,-0.23633305298570229,0.007569386038688064,-0.8158116063919261
ZKUSDT,-0.5076640098099325,-0.3054919908466819,0.011250953470633096,-0.8632723112128147
ZORAUSDT,-0.40825312308007367,-0.28607988300886567,0.013618499223105873,-0.5373366237089845
ZRCUSDT,-0.2774755168661589,-0.20230005227391545,0.0611604809200208,-0.5828541557762676
ZROUSDT,-0.459118578037497,-0.2416938110749186,0.007259190321079689,-0.6214053047929269
ZRXUSDT,-0.37233560090702955,-0.25425170068027203,0.008078231292517168,-0.5318877551020408
